{
    "excelAssetReference": {
        "guid": "afcb27a37860bed489c689f04b28b549"
    },
    "csvAssetReference": {
        "guid": "f79490033f1ba7d4c817acd9581f3173"
    },
    "jsonAssetReference": {
        "guid": "36a25296697c2fe44a5305e443be106f"
    },
    "configName": "MapConfig",
    "isArray": true,
    "mapConfigData": [
        {
            "mapType": 0,
            "maxPlayer": 4,
            "minPlayer": 1,
            "availableWeather": [
                1,
                2,
                3,
                4
            ],
            "weatherMapData": [
                {
                    "weatherType": 3,
                    "position": {
                        "x": 0.0,
                        "y": 0.0,
                        "z": 0.0
                    },
                    "size": {
                        "x": 80.0,
                        "y": 6.0,
                        "z": 50.0
                    }
                },
                {
                    "weatherType": 4,
                    "position": {
                        "x": 0.0,
                        "y": 0.0,
                        "z": 0.0
                    },
                    "size": {
                        "x": 66.62999725341797,
                        "y": 55.540000915527347,
                        "z": 50.0
                    }
                }
            ]
        },
        {
            "mapType": 1,
            "maxPlayer": 4,
            "minPlayer": 1,
            "availableWeather": [
                1,
                2,
                3
            ],
            "weatherMapData": [
                {
                    "weatherType": 3,
                    "position": {
                        "x": -18.399999618530275,
                        "y": 0.10000000149011612,
                        "z": 0.0
                    },
                    "size": {
                        "x": 138.0399932861328,
                        "y": 11.899999618530274,
                        "z": 50.0
                    }
                }
            ]
        },
        {
            "mapType": 2,
            "maxPlayer": 4,
            "minPlayer": 1,
            "availableWeather": [
                1,
                2,
                4
            ],
            "weatherMapData": [
                {
                    "weatherType": 3,
                    "position": {
                        "x": -38.900001525878909,
                        "y": -1.100000023841858,
                        "z": 0.0
                    },
                    "size": {
                        "x": 140.0,
                        "y": 11.399999618530274,
                        "z": 50.0
                    }
                },
                {
                    "weatherType": 4,
                    "position": {
                        "x": -40.5,
                        "y": 0.0,
                        "z": 0.0
                    },
                    "size": {
                        "x": 164.5,
                        "y": 78.30000305175781,
                        "z": 50.0
                    }
                }
            ]
        },
        {
            "mapType": 3,
            "maxPlayer": 4,
            "minPlayer": 1,
            "availableWeather": [
                1,
                2
            ],
            "weatherMapData": []
        }
    ]
}