{
    "excelAssetReference": {
        "guid": "afcb27a37860bed489c689f04b28b549"
    },
    "csvAssetReference": {
        "guid": "f79490033f1ba7d4c817acd9581f3173"
    },
    "jsonAssetReference": {
        "guid": "36a25296697c2fe44a5305e443be106f"
    },
    "configName": "WeatherDataConfig",
    "isArray": false,
    "weatherData": [
        {
            "weatherType": 1,
            "weatherRatio": 0.25,
            "cloudDensityRange": {
                "min": 1.600000023841858,
                "max": 2.0
            },
            "cloudSpeedRange": {
                "min": -0.20000000298023225,
                "max": 0.20000000298023225
            },
            "lightIntensity": {
                "min": 0.8999999761581421,
                "max": 1.0
            },
            "fogRatio": 0.25,
            "fogDensity": {
                "min": 0.009999999776482582,
                "max": 0.20000000298023225
            },
            "thunderRatio": 0.0,
            "rainDensity": {
                "min": 0.0,
                "max": 0.0
            },
            "snowDensity": {
                "min": 0.0,
                "max": 0.0
            }
        },
        {
            "weatherType": 2,
            "weatherRatio": 0.3499999940395355,
            "cloudDensityRange": {
                "min": 0.10000000149011612,
                "max": 1.600000023841858
            },
            "cloudSpeedRange": {
                "min": 0.20000000298023225,
                "max": 0.800000011920929
            },
            "lightIntensity": {
                "min": 0.75,
                "max": 0.8999999761581421
            },
            "fogRatio": 0.05000000074505806,
            "fogDensity": {
                "min": 0.009999999776482582,
                "max": 0.029999999329447748
            },
            "thunderRatio": 0.0,
            "rainDensity": {
                "min": 0.0,
                "max": 0.0
            },
            "snowDensity": {
                "min": 0.0,
                "max": 0.0
            }
        },
        {
            "weatherType": 3,
            "weatherRatio": 0.25,
            "cloudDensityRange": {
                "min": 0.0,
                "max": 0.10000000149011612
            },
            "cloudSpeedRange": {
                "min": 0.800000011920929,
                "max": 2.0
            },
            "lightIntensity": {
                "min": 0.4000000059604645,
                "max": 0.75
            },
            "fogRatio": 0.0,
            "fogDensity": {
                "min": 0.0,
                "max": 0.0
            },
            "thunderRatio": 0.25,
            "rainDensity": {
                "min": 0.0,
                "max": 1.0
            },
            "snowDensity": {
                "min": 0.0,
                "max": 0.0
            }
        },
        {
            "weatherType": 4,
            "weatherRatio": 0.05000000074505806,
            "cloudDensityRange": {
                "min": 0.0,
                "max": 0.10000000149011612
            },
            "cloudSpeedRange": {
                "min": 0.800000011920929,
                "max": 2.0
            },
            "lightIntensity": {
                "min": 0.4000000059604645,
                "max": 0.75
            },
            "fogRatio": 0.0,
            "fogDensity": {
                "min": 0.0,
                "max": 0.0
            },
            "thunderRatio": 0.10000000149011612,
            "rainDensity": {
                "min": 0.0,
                "max": 0.0
            },
            "snowDensity": {
                "min": 0.0,
                "max": 1.0
            }
        }
    ],
    "dayNightCycleData": {
        "timeMultiplier": 60.0,
        "weatherChangeTime": 150.0,
        "sunriseTime": 21600.0,
        "sunsetTime": 64800.0,
        "dayLightColor": {
            "serializedVersion": "2",
            "key0": {
                "r": 0.97686767578125,
                "g": 1.0,
                "b": 0.22506725788116456,
                "a": 1.0
            },
            "key1": {
                "r": 1.0,
                "g": 1.0,
                "b": 1.0,
                "a": 1.0
            },
            "key2": {
                "r": 1.0,
                "g": 1.0,
                "b": 1.0,
                "a": 1.0
            },
            "key3": {
                "r": 0.9943180680274963,
                "g": 1.0,
                "b": 0.2897573709487915,
                "a": 0.0
            },
            "key4": {
                "r": 0.0,
                "g": 0.0,
                "b": 0.0,
                "a": 0.0
            },
            "key5": {
                "r": 0.0,
                "g": 0.0,
                "b": 0.0,
                "a": 0.0
            },
            "key6": {
                "r": 0.0,
                "g": 0.0,
                "b": 0.0,
                "a": 0.0
            },
            "key7": {
                "r": 0.0,
                "g": 0.0,
                "b": 0.0,
                "a": 0.0
            },
            "ctime0": 0,
            "ctime1": 6125,
            "ctime2": 59410,
            "ctime3": 65535,
            "ctime4": 0,
            "ctime5": 0,
            "ctime6": 0,
            "ctime7": 0,
            "atime0": 0,
            "atime1": 65535,
            "atime2": 65535,
            "atime3": 0,
            "atime4": 0,
            "atime5": 0,
            "atime6": 0,
            "atime7": 0,
            "m_Mode": 0,
            "m_ColorSpace": 0,
            "m_NumColorKeys": 4,
            "m_NumAlphaKeys": 2
        },
        "nightColor": {
            "serializedVersion": "2",
            "key0": {
                "r": 1.0,
                "g": 0.8941177129745483,
                "b": 0.1764705926179886,
                "a": 1.0
            },
            "key1": {
                "r": 0.08235294371843338,
                "g": 0.0,
                "b": 0.6431372761726379,
                "a": 1.0
            },
            "key2": {
                "r": 0.23989206552505494,
                "g": 0.23989206552505494,
                "b": 0.23989206552505494,
                "a": 0.0
            },
            "key3": {
                "r": 0.2392157018184662,
                "g": 0.2352941334247589,
                "b": 0.24313727021217347,
                "a": 0.0
            },
            "key4": {
                "r": 0.0941176563501358,
                "g": 0.007843137718737126,
                "b": 0.615686297416687,
                "a": 0.0
            },
            "key5": {
                "r": 1.0,
                "g": 0.8932176828384399,
                "b": 0.1765497922897339,
                "a": 0.0
            },
            "key6": {
                "r": 0.0,
                "g": 0.0,
                "b": 0.0,
                "a": 0.0
            },
            "key7": {
                "r": 0.0,
                "g": 0.0,
                "b": 0.0,
                "a": 0.0
            },
            "ctime0": 0,
            "ctime1": 11865,
            "ctime2": 16148,
            "ctime3": 47245,
            "ctime4": 54013,
            "ctime5": 65535,
            "ctime6": 0,
            "ctime7": 0,
            "atime0": 0,
            "atime1": 65535,
            "atime2": 0,
            "atime3": 0,
            "atime4": 0,
            "atime5": 0,
            "atime6": 0,
            "atime7": 0,
            "m_Mode": 0,
            "m_ColorSpace": 0,
            "m_NumColorKeys": 6,
            "m_NumAlphaKeys": 2
        },
        "oneDayDuration": 86400.0,
        "minLightIntensity": 0.20000000298023225,
        "cloudColorGradients": [
            {
                "weatherType": 1,
                "cloudColor": {
                    "serializedVersion": "2",
                    "key0": {
                        "r": 0.1752021312713623,